Time (s),A Concentration (mol/L),I Concentration (mol/L),P Concentration (mol/L),Temperature (K),kf1 (s^-1),kr1 (s^-1),kf2 (s^-1),kr2 (s^-1)
0.0,1.0,0.0,0.0,298.15,0.31059270951016993,0.0005715279797782833,1.2028383335315085,0.00040912784711559475
0.1,0.968940729048983,0.031059270951016994,0.0,298.00153312164906,0.31059270951016993,0.0005715279797782833,1.2028383335315085,0.00040912784711559475
0.2,0.939208623145671,0.05709651911465305,0.0036948577396759825,297.8329174786623,0.3068697118069471,0.0005635434322309329,1.189615089646848,0.000403817720255404
0.30000000000000004,0.9107827771083269,0.07881505404024954,0.010402168851423556,297.64894609861943,0.30269113715180274,0.0005546010473592961,1.1747577997599261,0.00039786419619586825
0.4,0.8836282934681471,0.09683732746798662,0.019534379063866274,297.4536650328506,0.2981916182687491,0.0005449948104770677,1.1587402340901576,0.00039146105568508795
0.5,0.8577005123025221,0.11170746695518038,0.03059202074229747,297.25044207069345,0.29348269898395957,0.0005349673594583079,1.1419556475825836,0.00038476854241553514
0.6000000000000001,0.8329484364125538,0.12389669584022284,0.04315486774722337,297.04204653342117,0.2886548041661782,0.000524714361800135,1.1247236616740008,0.00037791622188943543
0.7000000000000001,0.8093174150978732,0.13381024755195597,0.0568723373501708,296.8307309229092,0.28377980445248663,0.000514390290405219,1.1072991563289574,0.00037100672961747327
0.8,0.786751185306526,0.1417948138733082,0.07145400082016579,296.6183087192938,0.2789137480564519,0.0005041145956236774,1.0898817221435027,0.0003641197705085679
0.9,0.7651933793725592,0.14814590994053,0.08666071068691078,296.40622520718057,0.2740994952875847,0.0004939776557873068,1.0726247749748739,0.0003573159755700705
1.0,0.7445886042321368,0.15311479199105438,0.10229660377680876,296.19561997402917,0.2693691116796588,0.00048404617142414053,1.0556438426695351,0.0003506404018078525
1.1,0.7248831852462316,0.15691473982129792,0.11820207493247034,295.98738084535137,0.2647459569951701,0.00047436785916867133,1.0390238093017736,0.0003441255826538202
1.2000000000000002,0.7060256532388717,0.1597266315715397,0.13424771518958847,295.7821896771246,0.26024645820217934,0.0004649754199629626,1.0228250750623573,0.0003377941119126266
1.3,0.6879670388014849,0.16170381008552975,0.15032915111298514,295.58056076544926,0.2558815834678465,0.00045588982312839244,1.0070886886812698,0.00033166078714028845
1.4000000000000001,0.6706610247042313,0.16297628118827173,0.16636269410749682,295.38287277028184,0.2516580485653728,0.0004471229806211018,0.9918405585498367,0.00032573435949848415
1.5,0.6540639959573824,0.1636543050774453,0.18228169896517216,295.1893950645774,0.24757929232581138,0.00043867989726373107,0.9770948669923222,0.0003200189446922143
1.6,0.6381350177720565,0.16383145004723415,0.19803353218070927,295.0003093666394,0.24364625770312523,0.00043056038199165226,0.9628568123311507,0.0003145151493155464
1.7000000000000002,0.6228357642311014,0.16358717807250953,0.21357705769638893,294.81572742679964,0.2398580121695504,0.0004227603980540606,0.9491247939965316,0.00030922096254732393
1.8,0.6081304146466209,0.16298902777524615,0.2288805575781329,294.63570544110604,0.2362122370803633,0.0004152731203068226,0.935892142261235,0.0003041324569789298
1.9000000000000001,0.5939855300753385,0.16209445415315993,0.24392001577150146,294.46025576681666,0.2327056112591415,0.00040808975733798626,0.923148479366301,0.00029924433577603653
2.0,0.5803699190272047,0.16095237751689764,0.2586777034558976,294.2893564237252,0.2293341098549431,0.00040120018631116777,0.9108807845591177,0.0002945503571081207
2.1,0.5672544988098628,0.15960448714584913,0.273141014044288,294.12295878462425,0.22609323575146953,0.00039459343962664075,0.8990742227270635,0.00029004366117130903
2.2,0.5546121570131575,0.15808633866490376,0.2873015043219386,293.96099378838534,0.22297819755217899,0.00038825807496379905,0.8877127851906192,0.0002857170203036389
2.3000000000000003,0.5424176162013744,0.15642827827218717,0.3011541055264383,293.8033769498646,0.219984045426876,0.0003821824539678695,0.8767797818411943,0.0002815630286445703
2.4000000000000004,0.530647303825868,0.15465622178256822,0.3146964743915637,293.6500123911973,0.21710577384371088,0.0003763549496693799,0.8662582160418347,0.0002775742444574442
2.5,0.5192792286033396,0.15279231198721543,0.3279284594094448,293.5007960778639,0.21433839836724786,0.00037076409853042513,0.856131067361463,0.0002737432955242846
2.6,0.508292864053107,0.15085547401783975,0.34085166192905314,293.3556184089842,0.21167701221481647,0.000365398709643095,0.8463815020742403,0.0002700629558404906
2.7,0.49766903949517166,0.1488618851784318,0.3534690753263965,293.21436628348727,0.2091168270702685,0.0003602479409193097,0.8369930272251886,0.00026652620009264824
2.8000000000000003,0.48738983853805923,0.14682537299427123,0.3657847884676695,293.07692474109234,0.2066532017025079,0.00035530134998037853,0.8279496007598142,0.00026312624101497894
2.9000000000000004,0.4774385048998502,0.144757752956304,0.37780374214384577,292.94317825852795,0.20428166118012908,0.00035054892577075054,0.8192357075840979,0.00025985655362056117
3.0,0.46779935528399647,0.1426691155426346,0.38953152917336886,292.8130117663667,0.2019979088745225,0.00034598110559391483,0.8108364093309667,0.00025671088943483394
3.1,0.45845769895585975,0.14056807051901127,0.4009742305251289,292.68631143961824,0.19979783297033898,0.00034158878122569376,0.802737373952507,0.00025368328317425205
3.2,0.449399763623346,0.13846195520554483,0.4121382811711091,292.56296530528994,0.19767750882852606,0.00033736329694204525,0.7949248899457,0.00025076805377413023
3.3000000000000003,0.44061262720588484,0.13635701230357908,0.42303036049053605,292.4428637020557,0.1956331982525756,0.00033329644165736765,0.7873858689826476,0.00024795980124623555
3.4000000000000004,0.4320841550731812,0.13425854196742512,0.43365730295939364,292.3258996206217,0.1936613464766799,0.0003293804368677251,0.7801078398973916,0.0002452534005142836
3.5,0.42380294234343474,0.13217103204932945,0.4440260256072358,292.21196894805234,0.1917585775119487,0.0003256079217011813,0.7730789363349247,0.00024264399311473456
3.6,0.41575826084626905,0.13009826981646705,0.4541434693372639,292.10097063499205,0.1899216883433357,0.0003219719360712414,0.7662878798579476,0.00024012697744596256
3.7,0.40794001037568867,0.1280434379142236,0.46401655171008777,291.9928068011975,0.1881476423571622,0.0003184659026905568,0.7597239599049216,0.00023769799808895313
3.8000000000000003,0.40033867388101385,0.12600919691255738,0.4736521292064288,291.88738279192796,0.18643356229062238,0.0003150836085160867,0.7533770116761405,0.0002353529345976035
3.9000000000000004,0.3929452762675386,0.12399775640691253,0.48305696732554887,291.78460719540715,0.18477672292523645,0.00031181918605221364,0.7472373927750675,0.00023308789005902164
4.0,0.3857513465026434,0.1220109363396769,0.4922377171576797,291.6843918296658,0.18317454369188266,0.00030866709482616145,0.7412959592361053,0.00023089917964810942
4.1000000000000005,0.3787488827466131,0.12005021995236963,0.5012008973010174,291.58665170552126,0.18162458131253337,0.00030562210326317397,0.7355440414158045,0.0002287833193414495
4.2,0.3719303202500297,0.11811679956420207,0.5099528801857683,291.49130497118233,0.180124522570667,0.00030267927112190957,0.7299734201037071,0.0002267370149095651
4.3,0.36528850178105854,0.11621161619244144,0.5184998820265001,291.39827284293153,0.17867217727653253,0.00029983393259905104,0.7245763031145414,0.00022475715127106576
4.4,0.35881665036607296,0.11433539387838638,0.5268479557555408,291.3074795254911,0.1772654714734502,0.00029708168017276277,0.7193453025495261,0.00022284078226483857
4.5,0.3525083441458004,0.11248866945498674,0.535002986399213,291.21885212498546,0.17590244091587134,0.0002944183492247877,0.714273412857377,0.00022098512087544985
4.6000000000000005,0.34635749316650705,0.11067181838428468,0.5429706884492084,291.13232055684836,0.17458122483807692,0.00029184000345845615,0.7093539897809795,0.00021918752993099793
4.7,0.34035831794169913,0.10888507720166035,0.5507566048566406,291.04781745055794,0.17330006002335765,0.00028934292111319954,0.7045807302416327,0.00021744551328062772
4.800000000000001,0.33450532963445984,0.10712856302663254,0.5583661073389077,290.9652780527059,0.17205727517667685,0.0002869235819638503,0.6999476531865737,0.00021575670744996146
4.9,0.32879331172393106,0.10540229053444884,0.5658043977416202,290.884640129596,0.17085128559873167,0.0002845786550842225,0.6954490814056348,0.0002141188737661246
5.0,0.32321730303166624,0.10370618672703075,0.5730765102413031,290.805843870314,0.16968058815559997,0.0002823049873483616,0.6910796243082341,0.00021252989093935922
5.1000000000000005,0.3177725819947106,0.10204010379446124,0.5801873142108283,290.728831791006,0.16854375653544676,0.00028009959263870635,0.6868341616408322,0.00021098774808490337
5.2,0.3124546520823862,0.10040383031781629,0.5871415175997976,290.6535486409305,0.16743943678193676,0.0002779596417279775,0.6827078281173408,0.00020949053816668827
5.300000000000001,0.30725922826295815,0.09879710102966115,0.5939436707073807,290.5799413107164,0.16636634309273374,0.00027588245280017623,0.6786959989293471,0.0002080364518430475
5.4,0.3021822244347082,0.09721960531904746,0.6005981702462444,290.50795874314207,0.16532325387075766,0.00027386548257575093,0.674794276099626,0.0002066237716939918
5.5,0.2972197417435226,0.09567099464259676,0.6071092636138807,290.43755184666674,0.1643090080154749,0.0002719063180061063,0.6709984756400721,0.00020525086680937683
5.6000000000000005,0.2923680577159754,0.09415088898159861,0.6134810533024261,290.36867341186576,0.16332250144141763,0.0002700026685034226,0.6673046154742599,0.0002039161877174932
5.7,0.2876236161431257,0.09265888246644852,0.6197175013904258,290.3012780308674,0.16236268381125077,0.0002681523586727335,0.6637089040845539,0.00020261826163402112
5.800000000000001,0.28298301765590494,0.09119454827374998,0.6258224340703451,290.2353220198392,0.16142855547096513,0.00026635332151453796,0.6602077298440238,0.00020135568801191796
5.9,0.2784430109381011,0.08975744288762014,0.6317995461742788,290.1707633445347,0.1605191645751776,0.00026460359206762033,0.6567976509943955,0.00020012713437356444
6.0,0.27400048452760456,0.08834710980484903,0.6376524056675464,290.1075615488827,0.15963360439094515,0.0002629013014632828,0.6534753862322995,0.0001989313324073082
6.1000000000000005,0.2696524591608057,0.08696308275329283,0.6433844580859015,290.0456776865771,0.15877101076904318,0.00026124467136376747,0.6502378058675767,0.00019776707431144473
6.2,0.26539608061887127,0.08560488848399878,0.64899903089713,289.9850742556078,0.1579305597721668,0.0002596320087592042,0.6470819235189306,0.00019663320936957987
6.300000000000001,0.26122861303811185,0.08427204918986814,0.6544993377720201,289.9257151356599,0.15711146545008214,0.0002580617010989491,0.6440048883138252,0.00019552864074219966
6.4,0.2571474326498197,0.08296408459699378,0.6598884827531866,289.8675655282983,0.15631297775228917,0.0002565322117347215,0.6410039775612599,0.00019445232246021076
6.5,0.25315002191783587,0.08168051376901947,0.6651694643131447,289.81059189984745,0.15553438056931346,0.0002550420756543536,0.6380765898676807,0.000193403256607034
6.6000000000000005,0.2492339640447238,0.0804208566598355,0.6703451792954407,289.75476192687154,0.15477498989428265,0.00025358989548641313,0.6352202386680796,0.00019238049067674153
6.7,0.24539693781981203,0.07918463544554698,0.675418426734641,289.7000444441578,0.15403415209693866,0.00025217433775723383,0.6324325461458048,0.0001913831150964703
6.800000000000001,0.24163671278453802,0.0779713756628364,0.6803919115526256,289.6464093951031,0.15331124230275406,0.0002507941293831719,0.6297112375163745,0.00019041026090217222
6.9,0.2379511446925059,0.07678060717751617,0.6852682481299779,289.5938277844049,0.15260566287027147,0.0002494480543820771,0.627054135651979,0.00018946109755744675
7.0,0.23433817124347328,0.0756118650041629,0.6900499637523637,289.5422716329584,0.15191684196024013,0.00024813495078908224,0.6244591560248224,0.00018853483090591362
7.1000000000000005,0.23079580807212982,0.0744646899951881,0.694739501932682,289.4917139348617,0.15124423219057145,0.0002468537077628737,0.6219243019490246,0.00018763070124825363
7.2,0.22732214497403325,0.0733386294154801,0.6993392256104866,289.4421286164353,0.1505873093714743,0.00024560326286951614,0.6194476601017956,0.00018674798153558362
7.300000000000001,0.22391534235244187,0.07223323741680959,0.7038514202307484,289.39349049716196,0.14994557131558792,0.0002443825995319207,0.6170273963061679,0.00018588597567150125
7.4,0.22057362787103904,0.07114807542448753,0.7082782967044733,289.3457752524584,0.14931853671820716,0.00024319074463378942,0.6146617515585417,0.00018504401691558502
7.5,0.21729529329869335,0.07008271244727111,0.7126219942540354,289.2989593781912,0.1487057441030769,0.00024202676626771012,0.6123490382854588,0.0001842214663816748
7.6000000000000005,0.21407869153345135,0.0690367253202025,0.716884583146346,289.2530201568542,0.14810675082951377,0.00024088977161781426,0.6100876368150677,0.00018341771162472357
7.7,0.2109222337939228,0.06800969888891284,0.7210680673171642,289.2079356253257,0.14752113215691345,0.00023977890496806065,0.6078759920496865,0.00018263216531041798
7.800000000000001,0.2078243869671024,0.06700122614291186,0.7251743868899856,289.16368454413043,0.1469484803629721,0.0002386933458278657,0.6057126103267997,0.00018186426396220377
7.9,0.20478367110248338,0.0660109083044918,0.7292054205930246,289.12024636813055,0.14638840391218094,0.00023763230716737245,0.6035960564566386,0.00018111346678068165
8.0,0.20179865704306182,0.0650383548790904,0.7331629880778476,289.0776012185768,0.14584052667142502,0.00023659503375521147,0.6015249509253301,0.00018037925453074405
8.1,0.1988679641845155,0.06408318367226609,0.7370488521432182,289.0357298564515,0.14530448716969294,0.0002355808005920906,0.5994979672532941,0.0001796611284920891
8.200000000000001,0.1959902583544693,0.06314502077782928,0.7408647208677013,288.99461365704053,0.1447799378991327,0.00023458891143402825,0.5975138294992666,0.00017895860946907734
8.3,0.19316424980433794,0.06222350054113606,0.7446122496545259,288.95423458567166,0.14426654465487138,0.00023361869739948741,0.5955713099010037,0.0001782712368561926
8.4,0.1903886913067697,0.061318265501075976,0.7482930431921542,288.91457517456263,0.1437639859111862,0.00023266951565505047,0.5936692266442632,0.00017759856775557286
8.5,0.1876623763522047,0.06042896631386679,0.7519086573339283,288.87561850072314,0.14327195223177663,0.000231740748174653,0.5918064417522442,0.000176940176143377
8.6,0.18498413743851466,0.05955526166139868,0.7554606009000865,288.83734816485827,0.14279014571205095,0.00023083180056775852,0.5899818590881819,0.0001762956520819336
8.700000000000001,0.18235284444810745,0.05869681814654323,0.7589503374053491,288.79974827122396,0.14231827945146372,0.00022994210097213713,0.5881944224642887,0.000175664600974847
8.8,0.17976740310726544,0.057853310177553095,0.7623792867151813,288.76280340838656,0.14185607705407954,0.00022907109900724472,0.5864431138506416,0.0001750466428624139
8.9,0.1772267535228421,0.05702441984342243,0.7657488266337353,288.72649863084234,0.14140327215566695,0.00022821826478445692,0.5847269516780851,0.00017444141175489454
9.0,0.17472986879177058,0.056209836781851485,0.7690602944263778,288.69081944145404,0.14095960797571735,0.0002273830879706509,0.583044989229538,0.00017384855500132863
9.1,0.17227575367914136,0.05540925804125862,0.7723149882795999,288.65575177466405,0.14052483689292256,0.00022656507690190764,0.5813963131145559,0.00017326773269177407
9.200000000000001,0.1698634433608884,0.054622387938105026,0.7755141687010064,288.62128198044627,0.14009872004269713,0.00022576375774427325,0.5797800418222332,0.00017269861709093775
9.3,0.16749200222738325,0.05384893791064098,0.7786590598619756,288.58739680895985,0.13968102693547077,0.00022497867369876165,0.5781953243478987,0.0001721408921013523
9.4,0.16516052274447815,0.053088626370042774,0.7817508508854789,288.55408339587115,0.13927153509451984,0.00022420938424794312,0.5766413388893321,0.00017159425275433863
9.5,0.1628681243687633,0.05234117854978659,0.7847906970814499,288.52132924831056,0.13887002971221443,0.00022345546444166436,0.5751172916085416,0.000171058404727126
9.600000000000001,0.16061395251401114,0.051606326353996305,0.7877797211319923,288.48912223143407,0.1384763033236009,0.00022271650421956795,0.5736224154553011,0.00017053306388460215
9.700000000000001,0.1583971775659729,0.05088380820540575,0.7907190142286211,288.4574505555594,0.13809015549635503,0.00022199210776829154,0.572155969049015,0.0001700179558442707
9.8,0.15621699394287242,0.05017336889349025,0.7936096371636371,288.4263027638499,0.13771139253613254,0.00022128189291127707,0.570717235615552,0.00016951281556306085
9.9,0.15407261919910822,0.04947475942324677,0.7964526213776447,288.3956677205192,0.13733982720648558,0.00022058549052936306,0.569305521976026,0.00016901738694476823
10.0,0.15196329316982998,0.04878773686503478,0.799248969965135,288.36553459953205,0.13697527846249566,0.00021990254401034655,0.5679201575846029,0.0001685314224669258
